Alcona County,001
Alger County,003
Allegan County,005
Alpena County,007
Antrim County,009
Arenac County,011
Baraga County,013
Barry County,015
Bay County,017
Benzie County,019
Berrien County,021
Branch County,023
Calhoun County,025
Cass County,027
Charlevoix County,029
Cheboygan County,031
Chippewa County,033
Clare County,035
Clinton County,037
Crawford County,039
Delta County,041
Dickinson County,043
Eaton County,045
Emmet County,047
Genesee County,049
Gladwin County,051
Gogebic County,053
Grand Traverse County,055
Gratiot County,057
Hillsdale County,059
Houghton County,061
Huron County,063
Ingham County,065
Ionia County,067
Iosco County,069
Iron County,071
Isabella County,073
Jackson County,075
Kalamazoo County,077
Kalkaska County,079
Kent County,081
Keweenaw County,083
Lake County,085
Lapeer County,087
Leelanau County,089
Lenawee County,091
Livingston County,093
Luce County,095
Mackinac County,097
Macomb County,099
Manistee County,101
Marquette County,103
Mason County,105
Mecosta County,107
Menominee County,109
Midland County,111
Missaukee County,113
Monroe County,115
Montcalm County,117
Montmorency County,119
Muskegon County,121
Newaygo County,123
Oakland County,125
Oceana County,127
Ogemaw County,129
Ontonagon County,131
Osceola County,133
Oscoda County,135
Otsego County,137
Ottawa County,139
Presque Isle County,141
Roscommon County,143
Saginaw County,145
St. Clair County,147
St. Joseph County,149
Sanilac County,151
Schoolcraft County,153
Shiawassee County,155
Tuscola County,157
Van Buren County,159
Washtenaw County,161
Wayne County,163
Wexford County,165